0.000000000000000000e+00,-7.675428110583271471e-03,-1.022867030621748413e-02,-1.564189307613600866e+00,6.829833183702804789e-02,7.983685161862609014e+00,-6.152369427626352971e-01
1.999720910196264301e-01,1.907795443100311072e-01,5.592102454636599038e-03,-1.523325299061496496e+00,7.063257419710362861e-02,7.968328581200259997e+00,-5.347163758979708303e-01
3.999441820392528602e-01,3.883801578249149733e-01,3.998826018348460715e-02,-1.483489911162404917e+00,7.214444975990361164e-02,7.954857773055524106e+00,-5.340909537707492216e-01
5.999162730588792902e-01,5.841224474603680106e-01,8.159369160089409434e-02,-1.448006292774556947e+00,7.205544574196086349e-02,7.941410633715170420e+00,-5.516330434396060634e-01
7.998883640785057203e-01,7.803274182656458891e-01,1.213614339534957315e-01,-1.418234365007088105e+00,7.010295055519777385e-02,7.927492351230520207e+00,-6.854814015725072540e-01
9.998604550981321504e-01,9.764061678842484993e-01,1.597405224806022206e-01,-1.397753352288638062e+00,6.548050552953976755e-02,7.910197047454134101e+00,-9.882583382721940035e-01
1.199832546117758580e+00,1.172656070702648323e+00,1.979165021241362787e-01,-1.391114638053343011e+00,5.719500228508122425e-02,7.885179464873420585e+00,-1.527085349362078848e+00
1.399804637137385122e+00,1.369264081944727707e+00,2.345049830414796810e-01,-1.394783455890074686e+00,4.613786448829505088e-02,7.846354009543718533e+00,-2.244638803444255704e+00
1.599776728157011441e+00,1.566079043265593551e+00,2.693611238509587835e-01,-1.403283040462051989e+00,3.377521415982576852e-02,7.788964304280788120e+00,-3.040247962022810224e+00
1.799748819176637760e+00,1.763306172437665742e+00,3.025803199644971908e-01,-1.411992200274239551e+00,2.135107622744393530e-02,7.710501572740355414e+00,-3.824158461231054407e+00
1.999720910196264301e+00,1.960658143312669299e+00,3.338185355954420008e-01,-1.421172661146985705e+00,8.912909154902217898e-03,7.610757658593391817e+00,-4.582653339473920617e+00
2.199693001215890842e+00,2.158467594917854004e+00,3.630043306697478545e-01,-1.431378803814059797e+00,-3.828362390919062830e-03,7.489393846725522330e+00,-4.212959614667875385e+00
2.399665092235517161e+00,2.356690010884731290e+00,3.900587399968274416e-01,-1.441921245296885257e+00,-1.630429214016054784e-02,7.375996844485203319e+00,-3.631555894230017678e+00
2.599637183255143480e+00,2.554850719835054740e+00,4.148397470074152715e-01,-1.452685981261766512e+00,-2.773011256499393132e-02,7.277008696451368053e+00,-3.144221811419092294e+00
2.799609274274770243e+00,2.753661990594173492e+00,4.373962520757073147e-01,-1.463704541512450108e+00,-3.783183783408435030e-02,7.190036242436544711e+00,-2.784964908029110120e+00
2.999581365294396562e+00,2.952607064214608723e+00,4.576534190513142364e-01,-1.474797248922911530e+00,-4.576725564842827609e-02,7.112157302281232774e+00,-2.600642005840860360e+00
3.199553456314022881e+00,3.151540191696625470e+00,4.756091537218465337e-01,-1.485852457086591638e+00,-5.044737359673778093e-02,7.038740478169180470e+00,-2.537681488403430219e+00
3.399525547333649200e+00,3.351221479352195942e+00,4.913534616700437896e-01,-1.496835828449757155e+00,-5.280162398509247873e-02,6.966151528780826219e+00,-2.522412321970672444e+00
3.599497638353275519e+00,3.550485297639861315e+00,5.048360143646321019e-01,-1.507633486095739439e+00,-5.424248723754487855e-02,6.893454696127125025e+00,-2.496296653928224085e+00
3.799469729372902282e+00,3.750112840853165430e+00,5.161681394210688723e-01,-1.518213784066168470e+00,-5.596779815526375240e-02,6.820663749002608967e+00,-2.462163629798157949e+00
3.999441820392528602e+00,3.950222073566786118e+00,5.254037386130238074e-01,-1.528542645998125504e+00,-5.792986213241348159e-02,6.747962780850397024e+00,-2.424486506400568953e+00
4.199413911412155365e+00,4.149722758498493036e+00,5.325572469589217039e-01,-1.538636611711356128e+00,-6.003350235653426292e-02,6.675852497191956836e+00,-2.378312530524654633e+00
4.399386002431781684e+00,4.349855693154628611e+00,5.377436518642694230e-01,-1.548697978999660219e+00,-6.240294259802073307e-02,6.604144882506645331e+00,-2.324017070224738912e+00
4.599358093451408003e+00,4.549761875815371504e+00,5.410118369256612381e-01,-1.558911264651186013e+00,-6.503349325373171397e-02,6.533409117969794622e+00,-2.263036258776320420e+00
4.799330184471034322e+00,4.749742189257371017e+00,5.424520660373849390e-01,-1.569540599383033364e+00,-6.790197062812425299e-02,6.463767154641057111e+00,-2.197101498098538386e+00
4.999302275490660641e+00,4.949918776393126940e+00,5.420974512855494254e-01,-1.580796828533558296e+00,-7.097435449446201639e-02,6.395362999097897294e+00,-2.125844534033633160e+00
5.199274366510286960e+00,5.149794768325075545e+00,5.398946154533623698e-01,-1.592875973745101925e+00,-7.425956639597866560e-02,6.328570589934186863e+00,-2.050027330048732388e+00
5.399246457529913279e+00,5.349829050217731030e+00,5.355265775665933869e-01,-1.605960479040694722e+00,-7.774501676329148570e-02,6.263422284091311631e+00,-1.970656587478017308e+00
5.599218548549540486e+00,5.549701190521163952e+00,5.285979383285871469e-01,-1.620222712361996997e+00,-8.140380176852986260e-02,6.200179580574514127e+00,-1.888186136605640719e+00
5.799190639569166805e+00,5.749558923774946706e+00,5.186788999956349899e-01,-1.635832152811689255e+00,-8.522438254282425907e-02,6.138938073603309675e+00,-1.802411393999536315e+00
5.999162730588793124e+00,5.948964862980112400e+00,5.054146414978145652e-01,-1.652859774408933724e+00,-8.920562978179104319e-02,6.079979362064941384e+00,-1.712309846972356553e+00
6.199134821608419443e+00,6.148546167210944269e+00,4.884167585571965176e-01,-1.671479303763416357e+00,-9.337576946602116346e-02,6.023303462060767721e+00,-1.619672409258235524e+00
6.399106912628045762e+00,6.347336632945866697e+00,4.674749627778841399e-01,-1.691498183638963759e+00,-9.767237634382450184e-02,5.969310711659364443e+00,-1.523329612972815994e+00
6.599079003647672081e+00,6.545838799586017664e+00,4.422725505460091133e-01,-1.712783653906956527e+00,-1.021233354534492876e-01,5.918027297540739085e+00,-1.421184890831410419e+00
6.799051094667298401e+00,6.743875732311074067e+00,4.125787856758322270e-01,-1.735274522529635322e+00,-1.067751204796149739e-01,5.869741095724990032e+00,-1.313328861263495684e+00
6.999023185686924720e+00,6.940189339225713461e+00,3.784013566232641290e-01,-1.758655050463427294e+00,-1.116009514354908139e-01,5.824985467775120718e+00,-1.201587351173337259e+00
7.198995276706551039e+00,7.137126883447035830e+00,3.391252391045798120e-01,-1.782849272494884341e+00,-1.165519299780813922e-01,5.783412496492767119e+00,-1.086708903357251899e+00
7.398967367726178246e+00,7.332131446074923176e+00,2.950902277944428276e-01,-1.807772499819983336e+00,-1.215656583999566304e-01,5.745725548178701736e+00,-9.729490034317428426e-01
7.598939458745804565e+00,7.525527330178152674e+00,2.461550560495410489e-01,-1.833203255227741080e+00,-1.264989761122979062e-01,5.711844984860972474e+00,-8.627915573755290390e-01
7.798911549765430884e+00,7.718751072781835809e+00,1.918370395378375115e-01,-1.859063743725070772e+00,-1.312689782190929466e-01,5.681445723456838515e+00,-7.550964805983459982e-01
7.998883640785057203e+00,7.909526118740695111e+00,1.327114122222258774e-01,-1.885315372361873854e+00,-1.358750506953503301e-01,5.654838537357141703e+00,-6.526713903611005563e-01
8.198855731804684410e+00,8.098351687827650025e+00,6.864391313414486273e-02,-1.912087569125092923e+00,-1.402194548479623604e-01,5.631777300510460549e+00,-5.571774414650522145e-01
8.398827822824310729e+00,8.286580598901295502e+00,-8.798955048461658528e-04,-1.939332965646269891e+00,-1.442472190186847303e-01,5.611890163010873955e+00,-4.678297683621382430e-01
8.598799913843937048e+00,8.472125068852731644e+00,-7.512882481159034731e-02,-1.967347603301686121e+00,-1.479627805735138357e-01,5.595205135319050171e+00,-3.870697761204502374e-01
8.798772004863563367e+00,8.655145327106701814e+00,-1.541640428661109619e-01,-1.996581481606656272e+00,-1.512882515652547444e-01,5.581396852010763077e+00,-3.166450728482433363e-01
8.998744095883189686e+00,8.836607676244335963e+00,-2.385367270496623338e-01,-2.027138340900255908e+00,-1.541761537275007921e-01,5.570032124887473124e+00,-2.549429428560839872e-01
9.198716186902816005e+00,9.015472818503040386e+00,-3.280451258954135141e-01,-2.059018636746902331e+00,-1.566799461594242104e-01,5.560869983063806643e+00,-2.000834154227153494e-01
9.398688277922442325e+00,9.191239255296595800e+00,-4.228611589424119410e-01,-2.092155257169033611e+00,-1.588645637744681427e-01,5.553679664396592663e+00,-1.510155075219524745e-01
9.598660368942068644e+00,9.363764272833112301e+00,-5.235771131308311066e-01,-2.126148007662356676e+00,-1.607699434204538091e-01,5.548244828460643596e+00,-1.065730917431950558e-01
9.798632459961694963e+00,9.532532573440811063e+00,-6.307663197963727653e-01,-2.160834794021325500e+00,-1.624385465928939176e-01,5.544403143825402225e+00,-6.670209171732999209e-02
9.998604550981321282e+00,9.696639108187467215e+00,-7.445842861899115706e-01,-2.196284134507872743e+00,-1.638776013630964534e-01,5.541999964287122715e+00,-3.402769044861375658e-02
1.019857664200094760e+01,9.856103616443762760e+00,-8.649101931007220356e-01,-2.232278855514998828e+00,-1.650144799616289903e-01,5.540773259836772269e+00,-1.056404811332070821e-02
1.039854873302057392e+01,1.001115918971983731e+01,-9.914220668171657147e-01,-2.268406543857611979e+00,-1.658015985287503713e-01,5.540391700074278170e+00,0.000000000000000000e+00
1.059852082404020024e+01,1.016145677565003247e+01,-1.123347139188536126e+00,-2.304552186394230873e+00,-1.661457498415245260e-01,5.540391700074278170e+00,0.000000000000000000e+00
1.079849291505982656e+01,1.030671855316534824e+01,-1.260076235878777373e+00,-2.340343082773780559e+00,-1.658896734430594655e-01,5.540391700074278170e+00,7.860505811418132607e-03
1.099846500607945288e+01,1.044759303992564270e+01,-1.402032940250746762e+00,-2.375273607388461272e+00,-1.649329092571047983e-01,5.540675436038154267e+00,3.671071693080825427e-02
1.119843709709908097e+01,1.058402450748284451e+01,-1.549136208163824469e+00,-2.409481601581735521e+00,-1.632444609542099134e-01,5.542004594451036326e+00,8.613983873465587415e-02
1.139840918811870729e+01,1.071460344981584356e+01,-1.699762340594185961e+00,-2.443142079958007251e+00,-1.608066809487908033e-01,5.545102190553433452e+00,1.554907178971269843e-01
1.159838127913833361e+01,1.084043574278503819e+01,-1.855098001863426882e+00,-2.476193290405644731e+00,-1.576541644641839823e-01,5.550704979258656913e+00,2.426238343710455381e-01
1.179835337015795993e+01,1.096140786470588147e+01,-2.015045419431882756e+00,-2.508727260212471055e+00,-1.538246341328992906e-01,5.559463887134442395e+00,3.456437831606257172e-01
1.199832546117758625e+01,1.107647970172691387e+01,-2.178107899064132269e+00,-2.540734304679057587e+00,-1.493029582991592941e-01,5.571858188627439645e+00,4.647995292624750308e-01
1.219829755219721257e+01,1.118640556318256962e+01,-2.345117999701118006e+00,-2.572053381253956772e+00,-1.441586654851921834e-01,5.588512133058945786e+00,5.977132719645441572e-01
1.239826964321683889e+01,1.129126114286385629e+01,-2.516000611538308007e+00,-2.602446812690086375e+00,-1.385448328699366571e-01,5.609914161592606696e+00,7.398365979020121719e-01
1.259824173423646521e+01,1.139034080832963269e+01,-2.689217389066777208e+00,-2.631837863498354579e+00,-1.325235346719276230e-01,5.636169623157682551e+00,8.902033252256660312e-01
1.279821382525609152e+01,1.148448522120878756e+01,-2.865729206047243238e+00,-2.660047579146088026e+00,-1.262353226818724028e-01,5.667678232290788820e+00,1.044996184496198133e+00
1.299818591627571784e+01,1.157368065743551000e+01,-3.045002725965724188e+00,-2.686777915742126766e+00,-1.198559241404753006e-01,5.704478079730396445e+00,1.199759963198505197e+00
1.319815800729534416e+01,1.165782557523021268e+01,-3.226115214162757816e+00,-2.711905360834604650e+00,-1.133981153700584776e-01,5.746326336922492395e+00,1.355564024578282512e+00
1.339813009831497048e+01,1.173759543438992559e+01,-3.409681685540991491e+00,-2.735292221954146008e+00,-1.068753453229894790e-01,5.793349435626940824e+00,1.512953720059382778e+00
1.359810218933459680e+01,1.181303173062120315e+01,-3.594868870254900539e+00,-2.756676666179455726e+00,-1.003521146355887267e-01,5.845337042948385076e+00,1.671172444837491389e+00
1.379807428035422312e+01,1.188454501116074979e+01,-3.781557212936077939e+00,-2.776047468779022864e+00,-9.385099470765018159e-02,5.902216168806858398e+00,1.830592135452330460e+00
1.399804637137384944e+01,1.195263639308256565e+01,-3.969813087538358598e+00,-2.793412629837852101e+00,-8.738976666119722958e-02,5.963983094412224517e+00,1.991625144365384958e+00
1.419801846239347576e+01,1.201751475895967403e+01,-4.158806207257029541e+00,-2.808833051028453376e+00,-8.101075862683457252e-02,6.030341875042346089e+00,2.154041888765278578e+00
1.439799055341310208e+01,1.207984122654495174e+01,-4.348885574350706662e+00,-2.822508542436930057e+00,-7.476921990661325457e-02,6.101376793663294329e+00,2.316581295729565948e+00
1.459796264443273017e+01,1.213999416455544811e+01,-4.539645776642541541e+00,-2.834572353147377655e+00,-6.867768350824889068e-02,6.176853729425364925e+00,2.479704491721883119e+00
1.479793473545235649e+01,1.219836758722687975e+01,-4.730884004039519475e+00,-2.845213911518406746e+00,-6.277926336647038363e-02,6.256608489324916533e+00,2.642496331895742401e+00
1.499790682647198281e+01,1.225521736407639928e+01,-4.922683039868783972e+00,-2.854630402817672774e+00,-5.714286445854279556e-02,6.340535959571679037e+00,2.802719919913529978e+00
1.519787891749160913e+01,1.231058547812070891e+01,-5.114827087143342332e+00,-2.863010766546444152e+00,-5.179753491702941692e-02,6.428318091045555960e+00,2.959556299051174122e+00
1.539785100851123545e+01,1.236455785612540303e+01,-5.307421396089758048e+00,-2.870583805611664374e+00,-4.677659533772697553e-02,6.519752959147524507e+00,3.111658905419381060e+00
1.559782309953086177e+01,1.241715316452834195e+01,-5.500343127705415114e+00,-2.877545734444043379e+00,-4.214249181323351245e-02,6.614499963212992384e+00,3.256198143732460082e+00
1.579779519055048809e+01,1.246846015356602777e+01,-5.693695267036115837e+00,-2.884078853331685011e+00,-3.789885993989561275e-02,6.712255448475564990e+00,3.392490620201540352e+00
1.599776728157011441e+01,1.251849356821797166e+01,-5.887274194185645015e+00,-2.890244592138194513e+00,-3.404224078590149805e-02,6.812559337764122702e+00,3.520066763536379373e+00
1.619773937258974073e+01,1.256736828812813123e+01,-6.081239399289728453e+00,-2.896051197207843764e+00,-3.055759680717244978e-02,6.915142025503746126e+00,3.638760495775549497e+00
1.639771146360936882e+01,1.261513346480611908e+01,-6.275474446968940967e+00,-2.901481957662721101e+00,-2.739538144198975719e-02,7.019604896759187085e+00,3.750096609125621594e+00
1.659768355462899336e+01,1.266182699989854221e+01,-6.469789709741784023e+00,-2.906510263048927456e+00,-2.452207045941956487e-02,7.125569580525821678e+00,3.854922724941545198e+00
1.679765564564862146e+01,1.270764160793464015e+01,-6.664631684677609691e+00,-2.911129590507386400e+00,-2.189141877411448708e-02,7.233043114334657631e+00,3.954708555250709079e+00
1.699762773666824600e+01,1.275253207065219563e+01,-6.859429911470191321e+00,-2.915317477594644657e+00,-1.945373375256582646e-02,7.341528090713680399e+00,4.051481983028557110e+00
1.719759982768787410e+01,1.279666086512493095e+01,-7.054488561142208347e+00,-2.919066588175014410e+00,-1.716206673882843953e-02,7.451075815934117053e+00,4.147187268914707126e+00
1.739757191870749864e+01,1.284011757443854762e+01,-7.249797283943767212e+00,-2.922372493563429430e+00,-1.495916380836743130e-02,7.561620873705911627e+00,4.244663282701881535e+00
1.759754400972712673e+01,1.288289724856864282e+01,-7.444906994083071439e+00,-2.925223110352851652e+00,-1.279492088375473562e-02,7.672926902766096013e+00,4.346714294044391025e+00
1.779751610074675128e+01,1.292525888374983545e+01,-7.640569491453543804e+00,-2.927621754167840429e+00,-1.062242394300578346e-02,7.785511822334552079e+00,4.456130330802338335e+00
1.799748819176637937e+01,1.296714928267989819e+01,-7.836106284363500762e+00,-2.929562591296858809e+00,-8.424262851098297811e-03,7.899139904668863288e+00,4.013476760489669282e+00
1.819746028278600392e+01,1.300866484578438964e+01,-8.031520495878112342e+00,-2.931046381629752062e+00,-6.195534710982783001e-03,8.000000000000000000e+00,0.000000000000000000e+00
1.839743237380563201e+01,1.305003001506000615e+01,-8.227427452915618389e+00,-2.932074776661629301e+00,-3.935645688606631554e-03,8.000000000000000000e+00,0.000000000000000000e+00
1.859740446482525655e+01,1.309116692243150837e+01,-8.423017278651526496e+00,-2.932646947265392434e+00,-1.646329932277800076e-03,8.000000000000000000e+00,0.000000000000000000e+00
1.879737655584488465e+01,1.313224715716241953e+01,-8.618662362423432199e+00,-2.932767367271326364e+00,6.755721815643192865e-04,8.000000000000000000e+00,0.000000000000000000e+00
1.899734864686450919e+01,1.317339865741822180e+01,-8.814533199399978258e+00,-2.932434479150466178e+00,3.028448556853685549e-03,8.000000000000000000e+00,0.000000000000000000e+00
1.919732073788413729e+01,1.321458979738252992e+01,-9.010044653525474345e+00,-2.931649453986082232e+00,5.405512683733165909e-03,8.000000000000000000e+00,0.000000000000000000e+00
1.939729282890376538e+01,1.325601938934066482e+01,-9.205707774698829837e+00,-2.930412110944951465e+00,7.797367838272399772e-03,8.000000000000000000e+00,0.000000000000000000e+00
1.959726491992338993e+01,1.329775183407525319e+01,-9.401394468082525435e+00,-2.928718276115145791e+00,1.019208001765318714e-02,8.000000000000000000e+00,0.000000000000000000e+00
1.979723701094301802e+01,1.333979379107742069e+01,-9.596710168474150038e+00,-2.926562619883281258e+00,1.258459081523621501e-02,8.000000000000000000e+00,-1.804506942641779466e+00
1.999720910196264256e+01,1.338234530452407611e+01,-9.792155789360023732e+00,-2.923936941290856240e+00,1.496762336405900451e-02,7.954753950509937610e+00,-4.031155350395246195e+00
2.019718119298227066e+01,1.342545246033510509e+01,-9.987507077724844251e+00,-2.920829877830641852e+00,1.733301747536084708e-02,7.852721700131839455e+00,-3.917198006696723134e+00
2.039715328400189520e+01,1.346915001430189918e+01,-1.018248856599687002e+01,-2.917222343619982006e+00,1.968063625005964448e-02,7.752405064831415338e+00,-3.810942719167881076e+00
2.059712537502152330e+01,1.351362119547606433e+01,-1.037747358368349992e+01,-2.913094663830243292e+00,2.200677756398691093e-02,7.653461135786986169e+00,-3.712677390356267981e+00
2.079709746604114784e+01,1.355893449868728418e+01,-1.057229923351747836e+01,-2.908427678871744249e+00,2.430053662867088723e-02,7.555806023634651147e+00,-3.622024251017140983e+00
2.099706955706077594e+01,1.360514930517143739e+01,-1.076674981312179291e+01,-2.903205373785456622e+00,2.656206170542468534e-02,7.459380543217351445e+00,-3.538616230545143182e+00
2.119704164808040048e+01,1.365243058064164217e+01,-1.096102875618213623e+01,-2.897447554687029747e+00,2.879333240760858018e-02,7.363916659542417698e+00,-3.462392299459231548e+00
2.139701373910002857e+01,1.370088654276705498e+01,-1.115506019067792209e+01,-2.891187374542059096e+00,3.099042412760619897e-02,7.269276292699634823e+00,-3.392404611831658645e+00
2.159698583011965312e+01,1.375061310602669451e+01,-1.134868601795565013e+01,-2.884460479293462498e+00,3.316618746516322713e-02,7.175376782470776149e+00,-3.328420903605111114e+00
2.179695792113928121e+01,1.380176674755803568e+01,-1.154198774197799793e+01,-2.877290415368856991e+00,3.532211233441274328e-02,7.082016592276429101e+00,-3.270273201448634648e+00
2.199693001215890575e+01,1.385443484046473728e+01,-1.173484652020597174e+01,-2.869700452462756957e+00,3.745804432266580664e-02,6.989089063915771227e+00,-3.217769407365540513e+00
2.219690210317853385e+01,1.390867579689063227e+01,-1.192727089410598573e+01,-2.861723986665199337e+00,3.957528960651352651e-02,6.896430487862679648e+00,-3.171193711990734965e+00
2.239687419419816194e+01,1.396455173842532282e+01,-1.211936395326627292e+01,-2.853363216991207540e+00,4.166614601626357495e-02,6.803817263720614683e+00,-3.130202364187918196e+00
2.259684628521778649e+01,1.402197796451835821e+01,-1.231073380933997541e+01,-2.844632120743907144e+00,4.373333953300555244e-02,6.711266504345360318e+00,-3.095432181698957397e+00
2.279681837623741458e+01,1.408109485127374683e+01,-1.250169919791038176e+01,-2.835578784820639520e+00,4.576272709005940048e-02,6.618421595720333173e+00,-3.066676687733576934e+00
2.299679046725703913e+01,1.414201448157922947e+01,-1.269240341482499979e+01,-2.826201058729943760e+00,4.775792784849523798e-02,6.524999495238258618e+00,-3.042957084807626167e+00
2.319676255827666722e+01,1.420454931786647279e+01,-1.288202882331502330e+01,-2.816492196206628940e+00,4.973455169542320004e-02,6.431208243755508924e+00,-3.025496691727001419e+00
2.339673464929629176e+01,1.426900285795532675e+01,-1.307122870575870088e+01,-2.806467712657301661e+00,5.166755772804586949e-02,6.336480448672933363e+00,-3.015987080338803139e+00
2.359670674031591986e+01,1.433555440399065262e+01,-1.326020230886940432e+01,-2.796072038943993476e+00,5.351515900479476839e-02,6.240390879270672819e+00,-3.015866914232877782e+00
2.379667883133554440e+01,1.440384915610996153e+01,-1.344768608604566573e+01,-2.785293886628428250e+00,5.507591549097496514e-02,6.143202295853027017e+00,-3.020786288521971397e+00
2.399665092235517250e+01,1.447435161129027748e+01,-1.363478428207449333e+01,-2.774125672316669622e+00,5.603727371893561099e-02,6.044086157397805081e+00,-3.051332669496974237e+00
2.419662301337479704e+01,1.454714510688475215e+01,-1.382150344875501347e+01,-2.762550809524205953e+00,5.604188687345257325e-02,5.942050236478306324e+00,-3.118602895356898941e+00
2.439659510439442514e+01,1.462176888996370927e+01,-1.400650253021594160e+01,-2.750581016747955854e+00,5.465857806334131763e-02,5.836415511634820419e+00,-3.234152992262186110e+00
2.459656719541404968e+01,1.469886225309177696e+01,-1.419117425482583172e+01,-2.738185716756515120e+00,5.139935839801930417e-02,5.724449711486403025e+00,-3.410526331273796785e+00
2.479653928643367777e+01,1.477825915118478761e+01,-1.437487483992079618e+01,-2.725402314332550535e+00,4.582406524914670737e-02,5.603950881337145695e+00,-3.655027020147770589e+00
2.499651137745330232e+01,1.485985814960251261e+01,-1.455716522712836891e+01,-2.712200319892895894e+00,3.748749325942806604e-02,5.472138484633966904e+00,-3.971652891413255837e+00
2.519648346847293041e+01,1.494413771482065734e+01,-1.473888152835772125e+01,-2.698537108717879995e+00,2.615077985923988310e-02,5.324770484245733293e+00,-4.353987501533480575e+00
2.539645555949255495e+01,1.503070194488199363e+01,-1.491894563120678541e+01,-2.684545983406967373e+00,1.165311750570549761e-02,5.158818236999488605e+00,-4.789118253484677901e+00
2.559642765051218305e+01,1.511993153479616936e+01,-1.509794744289821367e+01,-2.670429714344730421e+00,-6.050334889066640714e-03,4.969675327195482772e+00,-4.488829610033433504e+00
2.579639974153181115e+01,1.521188377254373236e+01,-1.527577372468580563e+01,-2.657017495657846951e+00,-2.668819171188480111e-02,4.785436726624245019e+00,-4.037081691325789201e+00
2.599637183255143569e+01,1.530635333583461488e+01,-1.545183520647515962e+01,-2.645582636450462655e+00,-4.993240488344641986e-02,4.613799336068209023e+00,-3.601816185862177111e+00
2.619634392357106378e+01,1.540373932603484697e+01,-1.562668892391722331e+01,-2.637587720609805952e+00,-7.549283972022509392e-02,4.454814959751207226e+00,-3.191978902935332485e+00
2.639631601459068833e+01,1.550369362152743768e+01,-1.579984950022226009e+01,-2.634759414041490722e+00,-1.027531634137650446e-01,4.309173551609394082e+00,-2.808669909526775310e+00
2.659628810561031642e+01,1.560599069144943662e+01,-1.597184842067046340e+01,-2.639063377225524754e+00,-1.313472267178875386e-01,4.176700896181690936e+00,-2.442311570551966682e+00
2.679626019662994096e+01,1.570914637110394096e+01,-1.614314338771620783e+01,-2.652308101882806302e+00,-1.613839113524121183e-01,4.058092240681887120e+00,-2.105158679889342466e+00
2.699623228764956906e+01,1.581133427798472724e+01,-1.631546903278365690e+01,-2.676272010446504090e+00,-1.916748416669558641e-01,3.952795547278001198e+00,-1.849621493069096623e+00
2.719620437866919360e+01,1.590962869748507025e+01,-1.648950034888894933e+01,-2.711903673601706366e+00,-2.183628318265603829e-01,3.858136687123096653e+00,-1.637429971774335025e+00
2.739617646968882170e+01,1.600145247868799103e+01,-1.666738893904659236e+01,-2.759861747167034807e+00,-2.433352949814265309e-01,3.772217534678999229e+00,-1.436853810190804603e+00
2.759614856070844624e+01,1.608291335967045654e+01,-1.685012592760579508e+01,-2.820270001326706577e+00,-2.682704273229422065e-01,3.695223617284287609e+00,-1.246849160622263142e+00
2.779612065172807434e+01,1.615008391926302522e+01,-1.703775284996985562e+01,-2.892031756671593623e+00,-2.928435044100544116e-01,3.627356225391670463e+00,-1.068821513078228369e+00
2.799609274274769888e+01,1.620002220587843667e+01,-1.723172217773411674e+01,-2.973827420600297256e+00,-3.166786702461623637e-01,3.567850165029551768e+00,-8.943732679406680708e-01
2.819606483376732697e+01,1.622971110111349446e+01,-1.742915796390009575e+01,-3.064480029841464503e+00,-3.399194459106106847e-01,3.517445338520758469e+00,-7.314761787950893046e-01
2.839603692478695152e+01,1.623786130284870666e+01,-1.762877077117637370e+01,3.121648991496991155e+00,-3.616281454739342371e-01,3.475651646552504026e+00,-5.847399864768965116e-01
2.859600901580657961e+01,1.622406556035459602e+01,-1.782872118255232152e+01,3.019683998894972632e+00,-3.811709712598133626e-01,3.441767052460591891e+00,-4.587139149804508320e-01
2.879598110682620415e+01,1.618897027634098507e+01,-1.802573420148775796e+01,2.912337428645678461e+00,-3.979779190138909017e-01,3.414991924190454053e+00,-3.579112171527181196e-01
2.899595319784583225e+01,1.613353589368194818e+01,-1.821796763844972844e+01,2.804392609606749964e+00,-4.116769007317154783e-01,3.393958992790275797e+00,-2.374507422645195653e-01
2.919592528886546035e+01,1.605767771816863032e+01,-1.840559976738288483e+01,2.711318756835219723e+00,-4.256863922236518438e-01,3.379769816885900724e+00,-1.226330629600379529e-01
2.939589737988508489e+01,1.596324997140069968e+01,-1.858265615345485955e+01,2.625433968646349037e+00,-4.376234952029705583e-01,3.372481019245974210e+00,-3.928767207520617727e-02
2.959586947090471298e+01,1.585062745698311559e+01,-1.874608679147091550e+01,2.539823626624905462e+00,-4.455623989026118448e-01,3.370168062611254456e+00,0.000000000000000000e+00
2.979584156192433753e+01,1.571664509014829569e+01,-1.889515232810422773e+01,2.454957253153864372e+00,-4.490214197445070998e-01,3.370168062611254456e+00,0.000000000000000000e+00
2.999581365294396562e+01,1.557048121950840169e+01,-1.902738541239547132e+01,2.371064753320326179e+00,-4.479947419616374660e-01,3.370168062611254456e+00,1.166103990231576182e-02
3.019578574396359016e+01,1.543279573638626800e+01,-1.916553643573809396e+01,2.286109539030228621e+00,-4.429263321811381937e-01,3.370842869659523622e+00,6.721338479997299165e-02
3.039575783498321826e+01,1.528847096043515563e+01,-1.930178667065146314e+01,2.202115164698649430e+00,-4.339362781091340437e-01,3.374798141119696560e+00,1.577858232472822697e-01
3.059572992600284280e+01,1.512789931660858223e+01,-1.942491637550863004e+01,2.119650806777926277e+00,-4.213633177363466098e-01,3.384245464915824453e+00,2.740764678999776383e-01
3.079570201702247090e+01,1.495611152662849541e+01,-1.952977945128877124e+01,2.039187672399833673e+00,-4.052214867708819890e-01,3.400505987563567256e+00,4.142452573594026521e-01
3.099567410804209544e+01,1.477733507523893763e+01,-1.961511447917112960e+01,1.960435483457076522e+00,-3.866773592876587284e-01,3.424553087316154709e+00,5.652165804372606406e-01
3.119564619906172354e+01,1.458729339675818615e+01,-1.968308392191729794e+01,1.868773674146589236e+00,-3.699649453367592766e-01,3.457704457167735779e+00,6.768026618888403068e-01
3.139561829008134808e+01,1.439283405244551695e+01,-1.973084473681182160e+01,1.773073851711442828e+00,-3.533739379268209801e-01,3.496679033989326335e+00,7.793801629589637292e-01
3.159559038110097617e+01,1.419498819311040627e+01,-1.975856020174415661e+01,1.680914414087355091e+00,-3.355362367927375300e-01,3.540927819919923447e+00,8.929896803550058104e-01
3.179556247212060072e+01,1.399399229206915685e+01,-1.976671785372557721e+01,1.595318506129784097e+00,-3.168674332402126592e-01,3.591300585170028370e+00,1.013221325721665789e+00
3.199553456314022881e+01,1.379527652351745282e+01,-1.975634333353920979e+01,1.517628980261955807e+00,-2.976964718471388216e-01,3.647008969118638699e+00,1.140436151730889636e+00
3.219550665415985691e+01,1.359659013265796190e+01,-1.972947453436634291e+01,1.447247181059803989e+00,-2.777634015034501358e-01,3.709174805592699187e+00,1.278537305561151083e+00
3.239547874517948145e+01,1.340103284088998059e+01,-1.968886671998879478e+01,1.386146093441837035e+00,-2.577837330655142201e-01,3.777393219759692666e+00,1.421761367442778701e+00
3.259545083619910599e+01,1.320755876178232491e+01,-1.963723950855357359e+01,1.334465924360884070e+00,-2.380031103379955659e-01,3.852025103377368254e+00,1.568486668004119178e+00
3.279542292721873764e+01,1.301666652317356920e+01,-1.957734840485095518e+01,1.291677667932573215e+00,-2.185999753976598792e-01,3.932645691670359600e+00,1.719197893516204889e+00
3.299539501823836218e+01,1.282768394185497840e+01,-1.951135891906004005e+01,1.257899007872739894e+00,-1.995242983757713473e-01,4.019200717081282903e+00,1.876889591024486048e+00
3.319536710925798673e+01,1.264038678762377543e+01,-1.944131386226219149e+01,1.231665482376149701e+00,-1.771449783895755192e-01,4.111520869295641312e+00,2.105434314774485838e+00
3.339533920027761127e+01,1.245374648499219283e+01,-1.936866613269133452e+01,1.212135463065028507e+00,-1.536965895788630077e-01,4.212832646408774195e+00,2.372199244062466850e+00
3.359531129129724292e+01,1.226831112775761312e+01,-1.929455698656093432e+01,1.197865968938900405e+00,-1.310875249286420630e-01,4.323817254677456035e+00,2.649266856437746842e+00
3.379528338231686746e+01,1.208269525174967107e+01,-1.921893945255757785e+01,1.187664389132519815e+00,-1.100859214227440236e-01,4.444926163957599208e+00,2.924991872446128571e+00
3.399525547333649200e+01,1.189807793626582644e+01,-1.914255198291407112e+01,1.180445034031572860e+00,-9.102627092395412789e-02,4.574513553914409059e+00,3.195168392867355323e+00
3.419522756435611655e+01,1.171346568223304097e+01,-1.906518493632290046e+01,1.175210974882849868e+00,-7.375883713663938801e-02,4.712251801477392199e+00,3.462161636840318302e+00
3.439519965537574819e+01,1.152924532952229342e+01,-1.898718083137594448e+01,1.171124122059527206e+00,-5.876995119689312763e-02,4.857011287981069181e+00,3.713584019339464692e+00
3.459517174639537274e+01,1.134560217484943578e+01,-1.890877096155611881e+01,1.167771213908649131e+00,-4.608460250751546944e-02,5.007357656037553895e+00,3.944491695978672219e+00
3.479514383741499728e+01,1.116148553756707251e+01,-1.882961982493769426e+01,1.164909788857655393e+00,-3.555708802365838139e-02,5.162814675237700435e+00,4.152238072738412278e+00
3.499511592843462182e+01,1.097851587174770494e+01,-1.875048982554089605e+01,1.162449660348539915e+00,-2.719706078117694464e-02,5.320726693508879279e+00,4.330047604395588223e+00
3.519508801945425347e+01,1.079462552980463208e+01,-1.867052563107766261e+01,1.160292639302789919e+00,-2.061527486698973635e-02,5.481486174478808593e+00,4.480579212767720421e+00
3.539506011047387801e+01,1.061150616129984492e+01,-1.859049114120061219e+01,1.158373283698031386e+00,-1.557240000577211729e-02,5.642476215342356660e+00,4.604213125545627783e+00
3.559503220149350255e+01,1.042860353016020625e+01,-1.851017252109203071e+01,1.156637484755996148e+00,-1.167849881265351462e-02,5.803190690214854897e+00,4.706702936375458890e+00
3.579500429251313420e+01,1.024528496069005001e+01,-1.842931349658497808e+01,1.155036268155215318e+00,-8.613196909024380121e-03,5.963479380238335459e+00,4.793688134845895732e+00
3.599497638353275875e+01,1.006287572768206928e+01,-1.834852062426180552e+01,1.153574705574313075e+00,-6.111792182250793889e-03,6.121746212550445598e+00,4.870955840996922248e+00
3.619494847455238329e+01,9.879887054477372033e+00,-1.826715619480278008e+01,1.152253003192007075e+00,-3.949418932394714067e-03,6.279069613309892439e+00,4.944287384512257688e+00
3.639492056557200783e+01,9.697184621313320818e+00,-1.818562676572983605e+01,1.151099092842554850e+00,-1.943946023745565842e-03,6.434679722870213503e+00,5.019510714396181683e+00
3.659489265659163948e+01,9.515217702540031297e+00,-1.810416204037868582e+01,1.150153237816160079e+00,-1.879256670547958338e-05,6.588367358619424685e+00,5.099184278866231601e+00
3.679486474761126402e+01,9.332325151423834342e+00,-1.802205168510474209e+01,1.149469163079375633e+00,1.861074181648651737e-03,6.741746236987022023e+00,5.015412052494493622e+00
3.699483683863088856e+01,9.149998930759712934e+00,-1.794001028821644539e+01,1.149125945592743392e+00,3.690878797418289687e-03,6.888878431460022433e+00,4.924843271321719840e+00
3.719480892965051311e+01,8.968149969770299990e+00,-1.785806089340816527e+01,1.149215889934223966e+00,5.469295516475462977e-03,7.030026727417199695e+00,4.829700437913091449e+00
3.739478102067014476e+01,8.785483303165911195e+00,-1.777570248674735609e+01,1.149854555238062570e+00,7.183008354219809141e-03,7.166364161045221337e+00,4.731103854055401570e+00
3.759475311168976930e+01,8.603209143164534112e+00,-1.769359310042975153e+01,1.151158492388169474e+00,8.813725101808557796e-03,7.297150685648523094e+00,4.630683168641540171e+00
3.779472520270939384e+01,8.421079588735731036e+00,-1.761176789906134488e+01,1.153216409207292070e+00,1.035552812857330578e-02,7.422775001138182560e+00,4.529435370219137447e+00
3.799469729372901838e+01,8.238393907267319349e+00,-1.753009904991432677e+01,1.156001276780330933e+00,1.181085234921715535e-02,7.543895272275260133e+00,4.427840189571080387e+00
3.819466938474865003e+01,8.055648327843019985e+00,-1.744904075533111154e+01,1.159415503638380418e+00,1.319571727639023452e-02,7.660336010044715316e+00,4.325665442638392477e+00
3.839464147576827457e+01,7.872631895716974526e+00,-1.736876975175862725e+01,1.163349423035573427e+00,1.452242461828601346e-02,7.772366576152696993e+00,-1.591514702433877382e+00
3.859461356678789912e+01,7.689078578201432812e+00,-1.728945157228709206e+01,1.167696054131454719e+00,1.578980531774014373e-02,7.731313605230750952e+00,-4.112394748984933734e+00
3.879458565780753077e+01,7.505107479932179082e+00,-1.721136460849289662e+01,1.172353046770593821e+00,1.698976441331851925e-02,7.624265595461361400e+00,-4.077413401611764243e+00
3.899455774882715531e+01,7.320569503354941610e+00,-1.713443199846668819e+01,1.177211115364934724e+00,1.809919393627302739e-02,7.516582552620370450e+00,-4.052475425869646486e+00
3.919452983984677985e+01,7.135487739135542462e+00,-1.705851827155269973e+01,1.182166768519467226e+00,1.908836243443952363e-02,7.407945417664103083e+00,-4.038883645650683363e+00
3.939450193086640439e+01,6.950340018158941646e+00,-1.698365615808528872e+01,1.187101307706126985e+00,1.992166328216185209e-02,7.298249503173982689e+00,-4.038469195851147830e+00
3.959447402188603604e+01,6.764635912332230383e+00,-1.690952897532568855e+01,1.191887465521612732e+00,2.055260823628447114e-02,7.186754815509141636e+00,-4.038358109485547409e+00
3.979444611290566058e+01,6.578338165107953550e+00,-1.683604851211001119e+01,1.196452600424882551e+00,2.094955700376725793e-02,7.073327222815663617e+00,-4.051628428313997610e+00
3.999441820392528513e+01,6.392434651121453371e+00,-1.676356057493787688e+01,1.200811522394253483e+00,2.109989370506299908e-02,6.958093596320302332e+00,-4.078114522510619011e+00
4.019439029494490967e+01,6.205841894241582501e+00,-1.669163045201980111e+01,1.205028506717278347e+00,2.099988637121467591e-02,6.839883646696024222e+00,-4.117105558271071608e+00
4.039436238596454132e+01,6.018601648737216259e+00,-1.662029113889467880e+01,1.209180685194426008e+00,2.063039742793433551e-02,6.718193058835894682e+00,-4.168338395467602986e+00
4.059433447698416586e+01,5.831926209404747929e+00,-1.655002995311829750e+01,1.213303645539786313e+00,1.995913919031725228e-02,6.593275598790495629e+00,-4.231741137792233154e+00
4.079430656800379040e+01,5.644352680691038238e+00,-1.648033207799124256e+01,1.217418737392618411e+00,1.895648912663386657e-02,6.463567607587075159e+00,-4.307376318614647204e+00
4.099427865902341495e+01,5.456386850069031347e+00,-1.641141680934842739e+01,1.221512618736868561e+00,1.760178314675956562e-02,6.328745810747699707e+00,-4.394306067020034234e+00
4.119425075004304659e+01,5.268668835122253924e+00,-1.634352242732434846e+01,1.225558684937331222e+00,1.586492571760436329e-02,6.188590353239333375e+00,-4.491701628038678784e+00
4.139422284106267114e+01,5.080015377648092745e+00,-1.627620863104722559e+01,1.229530088500518925e+00,1.367810628015573085e-02,6.041460778072482718e+00,-4.600084024289672335e+00
4.159419493208229568e+01,4.891507074132896982e+00,-1.620983482610534310e+01,1.233357453286509475e+00,1.085911627548631457e-02,5.887323280937176939e+00,-4.722980094801065398e+00
4.179416702310192733e+01,4.702678987253351650e+00,-1.614419122953340135e+01,1.237002943606856142e+00,7.029650001208401569e-03,5.724701481370353839e+00,-4.869128766615857806e+00
4.199413911412155187e+01,4.513142053239972640e+00,-1.607909031535698219e+01,1.240389074070197051e+00,1.801102480022717493e-03,5.551630962316906448e+00,-4.948174838115698471e+00
4.219411120514117641e+01,4.324133052242733477e+00,-1.601489099523603343e+01,1.243403327414907444e+00,-5.263455212080394262e-03,5.370768221297715250e+00,-4.711776617497773323e+00
4.239408329616080096e+01,4.134414216386479879e+00,-1.595109898589403130e+01,1.245859497280172423e+00,-1.440052988949422352e-02,5.192202334790751550e+00,-4.450269698830669363e+00
4.259405538718043260e+01,3.944691164070917466e+00,-1.588787866542429406e+01,1.247521470108245101e+00,-2.580440798387607926e-02,5.017872369288400414e+00,-4.167810786777834231e+00
4.279402747820005715e+01,3.754827719550509979e+00,-1.582510370367502084e+01,1.248168422151469503e+00,-3.964712477545022373e-02,4.848933050275462620e+00,-3.873077602724250390e+00
4.299399956921968169e+01,3.564684925252098235e+00,-1.576260095129368111e+01,1.247608422995565292e+00,-5.586635084982271432e-02,4.686335694378231942e+00,-3.571158955088854725e+00
4.319397166023930623e+01,3.374727285529887322e+00,-1.570031223083383587e+01,1.245617615911875031e+00,-7.445439765296724133e-02,4.531437450797969113e+00,-3.264348691775746047e+00
4.339394375125893788e+01,3.184703100612666482e+00,-1.563772073025066334e+01,1.241806097986755564e+00,-9.546887089773760382e-02,4.384945510273994707e+00,-2.962139970893976404e+00
4.359391584227856242e+01,2.994979620398629194e+00,-1.557444528265205541e+01,1.235317869286297832e+00,-1.184875457988813496e-01,4.247694573640568017e+00,-2.671731683171646665e+00
4.379388793329818697e+01,2.805549012304828338e+00,-1.550996464367365846e+01,1.224567276622437806e+00,-1.430609773340872914e-01,4.119910132364321242e+00,-2.397107363290924553e+00
4.399386002431781151e+01,2.616932751899341714e+00,-1.544399074418719486e+01,1.208014926975669034e+00,-1.687654828019997666e-01,4.001958534761286934e+00,-2.138676958262018424e+00
4.419383211533744316e+01,2.428597832194318684e+00,-1.537581742080321412e+01,1.183977623822320968e+00,-1.953515359989812517e-01,3.893448887772226197e+00,-1.905025952519096899e+00
4.439380420635706770e+01,2.241676331644642861e+00,-1.530492391926609663e+01,1.151586603718570245e+00,-2.219153893097792762e-01,3.794372439045317957e+00,-1.702671302329012315e+00
4.459377629737669224e+01,2.056352043280563979e+00,-1.522949479417176910e+01,1.110100417098601522e+00,-2.476927502725096153e-01,3.703498184934339577e+00,-1.524366796097768040e+00
4.479374838839632389e+01,1.874055876582189750e+00,-1.514659469347993337e+01,1.058852368507361863e+00,-2.728375172722747322e-01,3.620132249287786319e+00,-1.362009711650777222e+00
4.499372047941594843e+01,1.697711967263642707e+00,-1.505393226816298657e+01,9.980783987953656400e-01,-2.975464140802991375e-01,3.544391807147636797e+00,-1.213599975587400071e+00
4.519369257043557297e+01,1.527357172356398340e+00,-1.494780276933135887e+01,9.277826532519188873e-01,-3.218403709018650694e-01,3.474989447159105183e+00,-1.070521738965804825e+00
4.539366466145519752e+01,1.367517765643806671e+00,-1.482793751357325718e+01,8.477078936864521630e-01,-3.459435541889387955e-01,3.412886040774920193e+00,-9.307930299265549934e-01
4.559363675247482917e+01,1.220071350373464591e+00,-1.469353026026587905e+01,7.594734074227877940e-01,-3.697292332088660816e-01,3.358032016587345403e+00,-7.977467753047049470e-01
4.579360884349445371e+01,1.086323365070397839e+00,-1.454390822447538412e+01,6.648388879906801385e-01,-3.926780665835907236e-01,3.310012717433751472e+00,-6.726220558499336200e-01
4.599358093451407825e+01,9.694563405678898738e-01,-1.438168178177389400e+01,5.654213443131435035e-01,-4.142685015167044682e-01,3.269131135511758046e+00,-5.543175870872671940e-01
4.619355302553370279e+01,8.707209021051618425e-01,-1.420859579618521451e+01,4.621062246626657100e-01,-4.343159298416058856e-01,3.235166715285608952e+00,-4.443148087005458491e-01
4.639352511655333444e+01,7.899481205110776560e-01,-1.402370559513045123e+01,3.583218086859509821e-01,-4.525790306151910025e-01,3.207336962707982408e+00,-3.356436250515030251e-01
4.659349720757295898e+01,7.297088019774916612e-01,-1.383221878640414992e+01,2.568887260603278655e-01,-4.692903562858425359e-01,3.186260684537356003e+00,-2.313638104622785241e-01
4.679346929859258353e+01,6.906568368298287020e-01,-1.363694097735897870e+01,1.569706454006656315e-01,-4.839546858613301139e-01,3.171767259891896007e+00,-1.379615374083144330e-01
4.699344138961220807e+01,6.729879845910208269e-01,-1.343899244056078501e+01,5.758885101498534276e-02,-4.959423937639718116e-01,3.163111100157601552e+00,-6.373513279686154887e-02
4.719341348063183972e+01,6.767376688178161626e-01,-1.323998782705694843e+01,-4.156422296368833535e-02,-5.046408067499351668e-01,3.159097997588710349e+00,-1.736654241497161480e-02
4.739338557165146426e+01,6.990749139398088063e-01,-1.304298668159087526e+01,-1.417750201317145020e-01,-5.096386639744605596e-01,3.158007893660288889e+00,0.000000000000000000e+00
4.759335766267108880e+01,7.352802645609012311e-01,-1.284806277523968099e+01,-2.433926882309025430e-01,-5.113800174574695268e-01,3.158007893660288889e+00,0.000000000000000000e+00
4.779332975369071335e+01,7.874101187679114489e-01,-1.265531210701985110e+01,-3.459258048228559534e-01,-5.099973830429030963e-01,3.158007893660288889e+00,1.378903217483211374e-02
4.799330184471034499e+01,8.590796297471402498e-01,-1.246716775122007981e+01,-4.488278428615866122e-01,-5.056717731530752102e-01,3.158886864059680111e+00,5.412072604322391844e-02
4.819327393572996954e+01,9.505454208992009102e-01,-1.228919156004599955e+01,-5.530436692488640560e-01,-4.988184648993623238e-01,3.162313352863401761e+00,1.117027468790326300e-01
4.839324602674959408e+01,1.061070642937119723e+00,-1.212419220904807737e+01,-6.584768983565341127e-01,-4.902054958363345483e-01,3.169320639150439600e+00,1.760851541613248916e-01
4.859321811776922573e+01,1.191691247407011822e+00,-1.197175369791452404e+01,-7.667990597379090723e-01,-4.806254637125386697e-01,3.180454424270619640e+00,2.383338874134671437e-01
4.879319020878885027e+01,1.339838691454414032e+00,-1.183575073605202377e+01,-8.766962413013693611e-01,-4.700065987420687930e-01,3.195489336370670674e+00,3.006911327775002030e-01
4.899316229980847481e+01,1.501179549098758947e+00,-1.171936203502355056e+01,-9.854143513298410095e-01,-4.581299439715284527e-01,3.214154819758482606e+00,3.671552038992206279e-01
4.919313439082809936e+01,1.676065152626406540e+00,-1.162112158125784411e+01,-1.090498893540394754e+00,-4.450799101947701675e-01,3.236987208463245835e+00,4.364143405410874088e-01
4.939310648184773100e+01,1.859951112693423392e+00,-1.154250159266377729e+01,-1.190562292301982961e+00,-4.305923022700020586e-01,3.263838436295166900e+00,5.130546409116473194e-01
4.959307857286735555e+01,2.050742827491101483e+00,-1.148273414895896138e+01,-1.285761220509676228e+00,-4.146444039306252383e-01,3.295116921494781081e+00,5.978758459879199849e-01
4.979305066388698009e+01,2.246656658622728120e+00,-1.144085048336165222e+01,-1.374865974041852734e+00,-3.974005625197208902e-01,3.331269049466646592e+00,6.899054845938796809e-01
4.999302275490660463e+01,2.444953689897122029e+00,-1.141591101288957688e+01,-1.456983492627308419e+00,-3.790064250563517367e-01,3.372405871448707515e+00,7.895139309390888371e-01
5.019299484592623628e+01,2.644821158285586282e+00,-1.140649262088405891e+01,-1.532889204639849012e+00,-3.592311301262882672e-01,3.418927883778444254e+00,9.009229373284671771e-01
5.039296693694586082e+01,2.844694975367645373e+00,-1.141130589274330909e+01,-1.602226551948139788e+00,-3.380811527323676069e-01,3.471212194469839751e+00,1.026353999763501168e+00
5.059293902796548537e+01,3.043954991740111193e+00,-1.142901500231316625e+01,-1.665344853457149998e+00,-3.151061450704167322e-01,3.529865282927318493e+00,1.173793529426060855e+00
5.079291111898510991e+01,3.241570105880237751e+00,-1.145830149386637586e+01,-1.722793401468813768e+00,-2.906032076787664065e-01,3.595682756453706386e+00,1.342810166773368730e+00
5.099288321000474156e+01,3.437590513121432156e+00,-1.149801706831991766e+01,-1.774675206078833778e+00,-2.651954959009439339e-01,3.669614075162355160e+00,1.528859561942744527e+00
5.119285530102436610e+01,3.631305833536834005e+00,-1.154696851243921785e+01,-1.821635429213201984e+00,-2.394356611991797223e-01,3.751934666103946547e+00,1.729460907761424249e+00
5.139282739204399064e+01,3.822898458959497869e+00,-1.160421779336190795e+01,-1.863903881369460613e+00,-2.135886237314846003e-01,3.843002762606042122e+00,1.945580050504445824e+00
5.159279948306362229e+01,4.011870041848400348e+00,-1.166871034156110554e+01,-1.901738857902779412e+00,-1.875774373575111176e-01,3.942794972141974608e+00,2.183990151256936851e+00
5.179277157408324683e+01,4.198985115813010260e+00,-1.173990528468812045e+01,-1.935306234011745286e+00,-1.616819775435130169e-01,4.052173468837164449e+00,2.445164172570484684e+00
5.199274366510287138e+01,4.383233334580078910e+00,-1.181665323924251609e+01,-1.964641989429425584e+00,-1.361350710529181662e-01,4.170873849372236819e+00,2.731768619716642199e+00
5.219271575612249592e+01,4.565664406593098690e+00,-1.189868166634134106e+01,-1.989767674262810981e+00,-1.107988482803333452e-01,4.299887138316131896e+00,3.051436836408755848e+00
5.239268784714212757e+01,4.746113686439151991e+00,-1.198515448121474236e+01,-2.010612799280880658e+00,-8.576228198868934838e-02,4.439617832550921683e+00,3.409607712168533755e+00
5.259265993816175211e+01,4.924519960854182088e+00,-1.207513635485001124e+01,-2.027047754195208107e+00,-6.107574855863517199e-02,4.590509724764825883e+00,3.812964215801144530e+00
5.279263202918137665e+01,5.102044238238523377e+00,-1.216818495040293513e+01,-2.038946863232042439e+00,-3.667131643626579673e-02,4.754078056427123222e+00,4.271182109914794189e+00
5.299260412020100119e+01,5.277911794356077380e+00,-1.226277638717633245e+01,-2.046048308215810962e+00,-1.259410767337939586e-02,4.930223206714511974e+00,4.793873754440387103e+00
5.319257621122063284e+01,5.453709977506025375e+00,-1.235855673229971785e+01,-2.048107890233731965e+00,1.108622205215901643e-02,5.121185413525217278e+00,-4.727311184276190015e-01
5.339254830224025739e+01,5.629308695059421552e+00,-1.245423558826790611e+01,-2.044797566413766088e+00,3.438425381216793364e-02,5.102692696963591068e+00,-3.695515255122889808e+00
5.359252039325988193e+01,5.805556184597673308e+00,-1.254903117683167224e+01,-2.035966268039365534e+00,5.718969262336419390e-02,4.955638656572771694e+00,-3.254227623765326705e+00
5.379249248427950647e+01,5.982670889745762999e+00,-1.264181065449133357e+01,-2.021503636633144030e+00,7.936407195130712466e-02,4.822554007123205366e+00,-2.871152319811442144e+00
5.399246457529913812e+01,6.161557288526742227e+00,-1.273176234781482208e+01,-2.001447789018458323e+00,1.008197561076379783e-01,4.701834882198165033e+00,-2.536271484489880379e+00
5.419243666631876266e+01,6.341952503797315011e+00,-1.281737522932497519e+01,-1.976022752103540725e+00,1.215361661409111310e-01,4.592860458425325199e+00,-2.243328309592702130e+00
5.439240875733838720e+01,6.525455572541345006e+00,-1.289797440020679886e+01,-1.945227809146000686e+00,1.414534549338129499e-01,4.493899810588273702e+00,-1.986678524886224873e+00
5.459238084835801885e+01,6.711159923177613784e+00,-1.297185875297268964e+01,-1.909613756454334510e+00,1.604721290665332145e-01,4.404657828718801404e+00,-1.757799023006409334e+00
5.479235293937764339e+01,6.899866507915302094e+00,-1.303820098051827614e+01,-1.869458198032863283e+00,1.787484477913017511e-01,4.324094148956701744e+00,-1.548270948748317943e+00
5.499232503039726794e+01,7.091598485713132227e+00,-1.309600172871040513e+01,-1.825044606998273755e+00,1.964702700507439115e-01,4.251786931699931493e+00,-1.354028731769605365e+00
5.519229712141689248e+01,7.284957456611112825e+00,-1.314410254779070897e+01,-1.777296729107639361e+00,2.135904096981104117e-01,4.187852206644051556e+00,-1.176166091488952015e+00
5.539226921243652413e+01,7.482144895999951473e+00,-1.318234484863151579e+01,-1.726386058710084770e+00,2.299263379214121772e-01,4.131054711645134603e+00,-1.014362667359892445e+00
5.559224130345614867e+01,7.680035905048160139e+00,-1.320961074299592930e+01,-1.673012009529502686e+00,2.452311277305729009e-01,4.081709657250653045e+00,-8.694780784277423846e-01
5.579221339447577321e+01,7.879196011992037896e+00,-1.322569513830835319e+01,-1.617894245613046067e+00,2.593360536208297318e-01,4.038922556926404006e+00,-7.397541360962532897e-01
5.599218548549539776e+01,8.079880659348843253e+00,-1.323028112556277236e+01,-1.561419240530763419e+00,2.722447669258897807e-01,4.001987420096030590e+00,-6.195715249654505374e-01
5.619215757651502940e+01,8.279081593394954197e+00,-1.322317776386657151e+01,-1.503690848708675976e+00,2.841305487787629258e-01,3.971008432321174730e+00,-5.132158703828882951e-01
5.639212966753465395e+01,8.478214862335066826e+00,-1.320427938668266776e+01,-1.444877935979579586e+00,2.947124208169458193e-01,3.945071971992132998e+00,-4.174874745498194928e-01
5.659210175855427849e+01,8.676609134075450314e+00,-1.317346109230656737e+01,-1.385248810199088076e+00,3.041392019420193771e-01,3.923767565077718622e+00,-3.321565209892898274e-01
5.679207384957390303e+01,8.871637007541687936e+00,-1.313113599418318955e+01,-1.324052845805260059e+00,3.123714792209644209e-01,3.906837141235366850e+00,-2.621693583271217376e-01
5.699204594059353468e+01,9.062993312689355818e+00,-1.307751524751680350e+01,-1.260276893711051116e+00,3.191354583819305257e-01,3.893478674488782598e+00,-2.057721750805522609e-01
5.719201803161315922e+01,9.252598101291640731e+00,-1.301186452634161483e+01,-1.193865473252335718e+00,3.246241023877179943e-01,3.882859803708015978e+00,-1.597884033259847070e-01
5.739199012263278377e+01,9.437284079170382256e+00,-1.293484742383315833e+01,-1.125220554921166238e+00,3.290698691370462781e-01,3.874616433844473740e+00,-1.230021880641192500e-01
5.759196221365240831e+01,9.616083792708609579e+00,-1.284620179525565931e+01,-1.055178640131690937e+00,3.326079159903698179e-01,3.868275831564580880e+00,-8.964445541486623648e-02
5.779193430467203996e+01,9.787901227518542413e+00,-1.274493820154279256e+01,-9.843041782464370115e-01,3.356392269041781340e-01,3.863651236016488077e+00,-5.963918678817039382e-02
5.799190639569166450e+01,9.950928097696431607e+00,-1.262986138065403985e+01,-9.126206827920386733e-01,3.381884874852569833e-01,3.860569751293990048e+00,-3.384033252382308288e-02
5.819187848671128904e+01,1.010363547377860449e+01,-1.250091296923835316e+01,-8.396591528666778048e-01,3.402282884489745696e-01,3.858817383911953058e+00,-1.488328739704481915e-02
5.839185057773092069e+01,1.024561903526676154e+01,-1.236014933899069312e+01,-7.665426283415844866e-01,3.416379318737808313e-01,3.858046169055509456e+00,-2.971433178514996509e-03
5.859182266875054523e+01,1.037654588608720552e+01,-1.221000935337367999e+01,-6.932267129866143129e-01,3.424654552033464250e-01,3.857892737702898867e+00,0.000000000000000000e+00
5.879179475977016978e+01,1.049690363775863311e+01,-1.205116729824944777e+01,-6.201466405386631964e-01,3.426651035283937996e-01,3.857892737702898867e+00,0.000000000000000000e+00
5.899176685078979432e+01,1.060661732726414996e+01,-1.188400706921568073e+01,-5.486809083754422556e-01,3.419139138025447111e-01,3.857892737702898867e+00,1.118020937171917278e-02
5.919173894180942597e+01,1.070527797526176883e+01,-1.170885785201097029e+01,-4.789815181108123543e-01,3.403753954343348154e-01,3.858475266933195424e+00,3.254850498875097586e-02
5.939171103282905051e+01,1.079099449725113047e+01,-1.152909978044051265e+01,-4.102902622522859311e-01,3.382865126338123196e-01,3.860154839355939504e+00,5.926189414325000460e-02
5.959168312384867505e+01,1.086439291751219294e+01,-1.134361844417434284e+01,-3.427660005240136254e-01,3.358522088515266124e-01,3.863216021521683530e+00,8.759452211216453565e-02
5.979165521486829959e+01,1.092535138558730523e+01,-1.115216166494409755e+01,-2.755246849682595478e-01,3.333844473284420795e-01,3.867769153739009091e+00,1.126892775865339230e-01
5.999162730588793124e+01,1.097274713439713878e+01,-1.095828794972976716e+01,-2.088540605069297840e-01,3.310455031311642093e-01,3.873579733929890523e+00,1.327880376679205776e-01
6.019159939690755579e+01,1.100692023622961280e+01,-1.076154230112840793e+01,-1.429676034052755895e-01,3.286917466392141329e-01,3.880419205533764959e+00,1.506736658955602770e-01
6.039157148792718033e+01,1.102797578742396034e+01,-1.056153025036441129e+01,-7.851690381116771533e-02,3.268061573048071655e-01,3.888220590921068975e+00,1.592597522240052632e-01
6.059154357894680487e+01,1.103577432861926511e+01,-1.036266546259564514e+01,-1.557814661906098408e-02,3.253670829965785161e-01,3.896363736069072825e+00,1.603907060713682664e-01
6.079151566996643652e+01,1.103088796745957367e+01,-1.016239577900823754e+01,4.641629963533522307e-02,3.243084167495957626e-01,3.904601423308009078e+00,1.556223282243003603e-01
6.099148776098606106e+01,1.101375313299132763e+01,-9.963054413920751529e+00,1.071879121249317279e-01,3.241380206259392160e-01,3.912567571065503902e+00,1.380352153228536494e-01
6.119145985200568560e+01,1.098505309464463764e+01,-9.765296277522233837e+00,1.674461178803863248e-01,3.245518842215172617e-01,3.919611219687146875e+00,1.137951236057947318e-01
6.139143194302531725e+01,1.094523187924471230e+01,-9.568753774849822591e+00,2.277366709812498335e-01,3.250957338601749291e-01,3.925428912839393991e+00,9.060238902957706841e-02
6.159140403404494180e+01,1.089505470796232700e+01,-9.375521029310361243e+00,2.880427294203120603e-01,3.256805774572594792e-01,3.930034109826542998e+00,6.980873283452336542e-02
6.179137612506456634e+01,1.083396845713046552e+01,-9.184807688013483684e+00,3.490475226673837028e-01,3.258908434629045892e-01,3.933589653709570921e+00,5.744940723355480144e-02
6.199134821608419088e+01,1.076185361412007779e+01,-8.998316648432238551e+00,4.113765468836245720e-01,3.258305989657638846e-01,3.936508786399513404e+00,5.089599092750350662e-02
6.219132030710382253e+01,1.067815193307872512e+01,-8.816499575521108412e+00,4.749243646600622704e-01,3.252207935380894699e-01,3.939095829546226835e+00,5.371937721210320871e-02
6.239129239812344707e+01,1.058282424558898072e+01,-8.640763514173452009e+00,5.404995843450399740e-01,3.242778727135490757e-01,3.941821379586243346e+00,6.138475056755734321e-02
6.259126448914307161e+01,1.047547251309339522e+01,-8.471558539388750475e+00,6.080600057290279636e-01,3.231952368859721814e-01,3.944940700387939980e+00,7.025566195478782916e-02
6.279123658016269616e+01,1.035711925778445952e+01,-8.311125893841142087e+00,6.769060041149583817e-01,3.217444291171621673e-01,3.948489593788596430e+00,8.382093249061205176e-02
6.299120867118232781e+01,1.022641874873922951e+01,-8.158354095547666773e+00,7.476902468951966974e-01,3.201400611967099574e-01,3.952755340132296791e+00,9.804371611453310820e-02
6.319118076220195235e+01,1.008585315813811967e+01,-8.016480500707018564e+00,8.190448605319171627e-01,3.180943039911097170e-01,3.957705993931002197e+00,1.175499938630848173e-01
6.339115285322157689e+01,9.934756220641190794e+00,-7.884933345520207304e+00,8.899112113792964074e-01,3.155398962622343317e-01,3.963651848397064192e+00,1.426991081292710017e-01
6.359112494424120143e+01,9.773694818033604292e+00,-7.764453036300595024e+00,9.597745210481374301e-01,3.125637153362177956e-01,3.970886582286751398e+00,1.715140124527483323e-01
6.379109703526083308e+01,9.606877605689149391e+00,-7.657733624286080953e+00,1.027856783260277851e+00,3.090816852056209596e-01,3.979430998471870762e+00,2.054222824912855239e-01
6.399106912628045762e+01,9.429538031418861266e+00,-7.561534647417330390e+00,1.094286463360292228e+00,3.048321645170486427e-01,3.989832011129305300e+00,2.474500921900089634e-01
6.419104121730008217e+01,9.246737952053411647e+00,-7.478308827983304319e+00,1.157734039132202852e+00,2.998277760284763227e-01,4.002269637741114217e+00,2.973100355644385240e-01
6.439101330831971381e+01,9.060825247376255831e+00,-7.407752027318826649e+00,1.218413581747327168e+00,2.935750521943421565e-01,4.017014209845371830e+00,3.627545994576605315e-01
6.459098539933933125e+01,8.871607220604271760e+00,-7.348145698554330529e+00,1.277022399934365282e+00,2.858932135018347198e-01,4.034889450783945009e+00,4.455633160436323070e-01
6.479095749035896290e+01,8.678979385498706733e+00,-7.298481829082381189e+00,1.333214424924832553e+00,2.767466856675338538e-01,4.056797024507456051e+00,5.454131653289165937e-01
6.499092958137859455e+01,8.483202268118834155e+00,-7.258535759451770986e+00,1.387569461258078451e+00,2.656227851564523790e-01,4.083572089924848214e+00,6.705910395177048233e-01
6.519090167239821199e+01,8.286023759225214391e+00,-7.227656967984427361e+00,1.439645780091083793e+00,2.527213627643211669e-01,4.116216277569040294e+00,8.180821963038779066e-01
6.539087376341784363e+01,8.089080795865577045e+00,-7.206221116425365558e+00,1.489720128094749185e+00,2.382144771188550170e-01,4.155402578478973652e+00,9.866623438691576320e-01
6.559084585443747528e+01,7.889987330577294955e+00,-7.194579840433524609e+00,1.538123124073248693e+00,2.222661823688694416e-01,4.202489460966496004e+00,1.174575252461652175e+00
6.579081794545709272e+01,7.688332582879652932e+00,-7.193147770219883164e+00,1.585201740396142256e+00,2.052628370027052562e-01,4.258479419601179927e+00,1.377630915476842688e+00
6.599079003647672437e+01,7.488332417116399853e+00,-7.201819122249355942e+00,1.630535053853885863e+00,1.873563190609795481e-01,4.322755774153286268e+00,1.599019075216776997e+00
6.619076212749634180e+01,7.289234702918469644e+00,-7.220099063529125338e+00,1.674068111023632177e+00,1.690585544774013127e-01,4.396091179113458480e+00,1.832839014849372949e+00
6.639073421851597345e+01,7.090108113888828889e+00,-7.247622757658877646e+00,1.714635925515010761e+00,1.504950864772761354e-01,4.479117262184803216e+00,2.080693614523156487e+00
6.659070630953560510e+01,6.893363250357809058e+00,-7.283487122144350678e+00,1.751473279974677055e+00,1.317049522188215027e-01,4.571073695712861706e+00,2.348062594643708589e+00
6.679067840055522254e+01,6.697721452952001719e+00,-7.327024643441773399e+00,1.783738272428718297e+00,1.129791993578307396e-01,4.672895023505823531e+00,2.632992088958981736e+00
6.699065049157485419e+01,6.504442349114332167e+00,-7.376885176808441358e+00,1.810033122299051556e+00,9.443083819185041361e-02,4.784043716914772482e+00,2.938754391475085104e+00
6.719062258259448583e+01,6.311631939391995516e+00,-7.432283904682368991e+00,1.829789247678135666e+00,7.640691416673076053e-02,4.905728148008740241e+00,3.261178316707869840e+00
6.739059467361410327e+01,6.120584944020784235e+00,-7.491337826173480430e+00,1.842636153391383758e+00,5.899703614727794948e-02,5.036905489141490833e+00,3.603220596693141431e+00
6.759056676463373492e+01,5.930679187453782752e+00,-7.552484669022429209e+00,1.848715186073187411e+00,4.212885040350469040e-02,5.177659122623550658e+00,3.970603290957514186e+00
6.779053885565336657e+01,5.739973164126061178e+00,-7.614422005529887905e+00,1.848793557741313265e+00,2.564972961822427691e-02,5.329208232865144446e+00,4.371535869982971612e+00
6.799051094667298401e+01,5.549526034533250218e+00,-7.674709400153438388e+00,1.843607161127579275e+00,9.597662326319684675e-03,5.490627468812707690e+00,4.810659369812766428e+00
6.819048303769261565e+01,5.358261710714440795e+00,-7.731697772948920466e+00,1.833873892004231010e+00,-6.031445078450480349e-03,5.662786725099345553e+00,4.906588724878939267e+00
6.839045512871223309e+01,5.165028761019630821e+00,-7.784219175177692129e+00,1.820309924368133991e+00,-2.094170971902305223e-02,5.833710548889336600e+00,4.387307991129959284e+00
6.859042721973186474e+01,4.971088817716987407e+00,-7.831916717898854685e+00,1.803768693791120370e+00,-3.492372544890308406e-02,5.982026246688328719e+00,3.850267126638458492e+00
6.879039931075149639e+01,4.776076449546128089e+00,-7.875437526329684523e+00,1.785068159671006072e+00,-4.775411034804998706e-02,6.109278095164108358e+00,3.317660023530108138e+00
6.899037140177111382e+01,4.580240469667698378e+00,-7.915251136395299980e+00,1.765240104657284093e+00,-5.906637426421548070e-02,6.216855713642972070e+00,2.817126278593215183e+00
6.919034349279074547e+01,4.383774856338161108e+00,-7.951493620394385786e+00,1.745230787976649545e+00,-6.869205384267455805e-02,6.306735197513220648e+00,2.367779819581703027e+00
6.939031558381037712e+01,4.186314949424501108e+00,-7.984235991630672657e+00,1.725675341741382596e+00,-7.652106326548488435e-02,6.381438721645385392e+00,1.983851093595708770e+00
6.959028767482999456e+01,3.988635491351102846e+00,-8.013294499604191046e+00,1.706615010222085616e+00,-8.257027652227519332e-02,6.443254006887684682e+00,1.672051852204421873e+00
6.979025976584962621e+01,3.790417977814935835e+00,-8.038669471440933023e+00,1.687786341713029437e+00,-8.700187969269415622e-02,6.494905044308294961e+00,1.429930843926673578e+00
6.999023185686924364e+01,3.591364273685389019e+00,-8.060334012303401963e+00,1.668920345939774563e+00,-8.998128703095013836e-02,6.538839295356385861e+00,1.252722359806880403e+00
7.019020394788887529e+01,3.392292959722538637e+00,-8.078151514713631798e+00,1.649945697339476602e+00,-9.166502983275995331e-02,6.577018721410523128e+00,1.134829739147614758e+00
7.039017603890850694e+01,3.192893929028444155e+00,-8.092127405279615715e+00,1.630880775874229194e+00,-9.220233882896718136e-02,6.611418414091427387e+00,1.069757080051320086e+00
7.059014812992812438e+01,2.992935158509664628e+00,-8.102251252676099469e+00,1.611797871890427558e+00,-9.178514506212147317e-02,6.643735096953362174e+00,1.048675652978878547e+00
7.079012022094775602e+01,2.793165059130983785e+00,-8.108482533727864094e+00,1.592748486407087327e+00,-9.059157106494632183e-02,6.675208453410196974e+00,1.063383824505268915e+00
7.099009231196738767e+01,2.593219055438304554e+00,-8.110853842370840283e+00,1.573800594887790893e+00,-8.885119948337508178e-02,6.706987139789128527e+00,1.103146386398466960e+00
7.119006440298700511e+01,2.393068098178398717e+00,-8.109386658470937093e+00,1.555059374811088357e+00,-8.677580473522555904e-02,6.739827888601868544e+00,1.158184775456003290e+00
7.139003649400663676e+01,2.193270315999792608e+00,-8.104131294807867647e+00,1.536594612826500672e+00,-8.449803461597776844e-02,6.774086325091301930e+00,1.222533439912441677e+00
7.159000858502626841e+01,1.993473052780094346e+00,-8.095145114528278896e+00,1.518480169028624260e+00,-8.200675228059599309e-02,6.810084953116368744e+00,1.296751768116701786e+00
7.178998067604588584e+01,1.793800467115137076e+00,-8.082506579608070396e+00,1.500834601645593569e+00,-7.922663336449056737e-02,6.848076003841528703e+00,1.384576317490542330e+00
7.198995276706551749e+01,1.594554057670562797e+00,-8.066332983571109949e+00,1.483732238723252994e+00,-7.611078559719489101e-02,6.888374515241797447e+00,1.488565793135544268e+00
7.218992485808513493e+01,1.395518336121982284e+00,-8.046725774084457328e+00,1.467264938223562964e+00,-7.267645912755860138e-02,6.931459244432409683e+00,1.608250272611755349e+00
7.238989694910476658e+01,1.196836066399929788e+00,-8.023832173506812993e+00,1.451552034517560319e+00,-6.897142306131365252e-02,6.977708607063600965e+00,1.741890564967765842e+00
7.258986904012439823e+01,9.985886751226882296e-01,-7.997819414057648402e+00,1.436679346138876490e+00,-6.505762313035413913e-02,7.027445341204221485e+00,1.887130060862731495e+00
7.278984113114401566e+01,8.007080219622743078e-01,-7.968858925180773767e+00,1.422752441778798893e+00,-6.099270345484603117e-02,7.080946069235158902e+00,2.041838215934117962e+00
7.298981322216364731e+01,6.032643538127215876e-01,-7.937161156509509929e+00,1.409884901651434319e+00,-5.683949771857106648e-02,7.138376402709364577e+00,2.203662814283743554e+00
7.318978531318327896e+01,4.062600536330898127e-01,-7.902951559901405076e+00,1.398176005520372023e+00,-5.267385846281966849e-02,7.199838423057017600e+00,1.866136806770902767e+00
7.338975740420289640e+01,2.096225698769732804e-01,-7.866465079325845267e+00,1.387730368357266375e+00,-4.857147184987954669e-02,7.251489867899651109e+00,-2.540904272518105689e+00
7.358972949522252804e+01,1.340982727241673764e-02,-7.827981230986778449e+00,1.378633775596499245e+00,-4.462556692990181373e-02,7.181085714419133126e+00,-2.794462961912679067e+00
7.378970158624215969e+01,-1.824614709941324575e-01,-7.787776734584714866e+00,1.370924030946179428e+00,-4.093847901237325504e-02,7.102848642904413090e+00,-3.031053242548182869e+00
7.398967367726177713e+01,-3.781024170331746537e-01,-7.746141720818907395e+00,1.364519687039423612e+00,-3.757767640257712177e-02,7.016972521507488736e+00,-3.246837993448331794e+00
7.418964576828140878e+01,-5.733985222650703761e-01,-7.703434144953929419e+00,1.359280427346670095e+00,-3.460755298496972360e-02,6.923853299891082891e+00,-3.438622377595740076e+00
7.438961785930102621e+01,-7.685845980855212645e-01,-7.659956573032371097e+00,1.355033582070826359e+00,-3.210979746151106096e-02,6.823818839943129433e+00,-3.603095509727667789e+00
7.458958995032065786e+01,-9.637137521446887956e-01,-7.616027355794612319e+00,1.351603693207552581e+00,-3.019285087324388023e-02,6.717378383530774322e+00,-3.736403736334947823e+00
7.478956204134028951e+01,-1.158690615718042771e+00,-7.571929656375882445e+00,1.348811717470975946e+00,-2.897739191932954123e-02,6.605251501421438576e+00,-3.835024086146391120e+00
7.498953413235990695e+01,-1.353731717083246799e+00,-7.527653854349530604e+00,1.346474330662032592e+00,-2.859267330814589322e-02,6.488089961000599537e+00,-3.896127778595832147e+00
7.518950622337953860e+01,-1.548691167450489958e+00,-7.483169333446938687e+00,1.344393342433450211e+00,-2.914851411389095606e-02,6.366874653154429353e+00,-3.901661791756417585e+00
7.538947831439917024e+01,-1.743535939775577415e+00,-7.438382608506236338e+00,1.342335837032073709e+00,-3.074474677571131104e-02,6.243156808332948060e+00,-3.847642053183123689e+00
7.558945040541878768e+01,-1.938414550705700679e+00,-7.393169732572694386e+00,1.340002810390449550e+00,-3.345193901637277811e-02,6.118621518979150409e+00,-3.759638826601519490e+00
7.578942249643841933e+01,-2.133043718514171072e+00,-7.347522127958403537e+00,1.337103536620245947e+00,-3.730027957219254203e-02,5.994526384336355207e+00,-3.641650705467064153e+00
7.598939458745803677e+01,-2.327614900319404434e+00,-7.301337130756348159e+00,1.333442508205608945e+00,-4.229815044216016923e-02,5.871784243011553883e+00,-3.498764775018881945e+00
7.618936667847766842e+01,-2.522107018773527720e+00,-7.254544614681551096e+00,1.328854043514024585e+00,-4.840778522308514242e-02,5.751352167582657771e+00,-3.336494484821983963e+00
7.638933876949730006e+01,-2.716305470001162625e+00,-7.207072447255370662e+00,1.323130767705658961e+00,-5.555396077348983414e-02,5.634182329248894838e+00,-3.159281871314481460e+00
7.658931086051691750e+01,-2.910357366503082854e+00,-7.158603992939940319e+00,1.315924795679550119e+00,-6.367140844587605708e-02,5.520888840119856589e+00,-2.973197438363216261e+00
7.678928295153654915e+01,-3.104049093012105409e+00,-7.108852650406340956e+00,1.306859048690727665e+00,-7.260927689462801093e-02,5.412121421971611390e+00,-2.782510058967764710e+00
7.698925504255618080e+01,-3.297323915621243273e+00,-7.057471963599861731e+00,1.295530168266014304e+00,-8.224430080236773410e-02,5.308306885485895243e+00,-2.588751185748090933e+00
7.718922713357579823e+01,-3.490052833585767456e+00,-7.004087316328623025e+00,1.281598219170974939e+00,-9.252024731468884433e-02,5.209865119977863834e+00,-2.396002348348002187e+00
7.738919922459542988e+01,-3.682083701648450891e+00,-6.948207716322185590e+00,1.264768542345108049e+00,-1.032678479201992738e-01,5.117060971796949964e+00,-2.206208353416960311e+00
7.758917131561506153e+01,-3.873152875450722288e+00,-6.889097695915452846e+00,1.244844691721197272e+00,-1.143709163735599221e-01,5.030090848392005931e+00,-2.018632680400150647e+00
7.778914340663467897e+01,-4.062853534166995573e+00,-6.826006669838281304e+00,1.221743732912819791e+00,-1.257973292503825058e-01,4.949211639939373519e+00,-1.834905549769527910e+00
7.798911549765431062e+01,-4.251044237310115825e+00,-6.758091473613110800e+00,1.195350695235793292e+00,-1.374170539115124878e-01,4.874471748481959743e+00,-1.657545083531757557e+00
7.818908758867392805e+01,-4.437062190571331222e+00,-6.684769438336756409e+00,1.165676306692884356e+00,-1.490392971559962865e-01,4.805999637757059517e+00,-1.490062678602104507e+00
7.838905967969355970e+01,-4.620596320868859408e+00,-6.605405574478620423e+00,1.132848748064884781e+00,-1.604293153993663901e-01,4.743598964465797430e+00,-1.334733700451452565e+00
7.858903177071319135e+01,-4.801285532545319867e+00,-6.519455572452453218e+00,1.096953599505821497e+00,-1.714009144628787784e-01,4.686960368624859541e+00,-1.195929999696707657e+00
7.878900386173280879e+01,-4.978288888277142554e+00,-6.426713290251079513e+00,1.058415138910140385e+00,-1.816722225718164219e-01,4.635691573311711444e+00,-1.075300313326306378e+00
7.898897595275244043e+01,-5.151586094350284917e+00,-6.326630574849369637e+00,1.017543034544099889e+00,-1.911131021094599758e-01,4.589036468481604736e+00,-9.708851537904139573e-01
7.918894804377207208e+01,-5.320382406165890643e+00,-6.219165836841716200e+00,9.743639960900236652e-01,-1.997568627287530374e-01,4.546504516994517076e+00,-8.836090326646193205e-01
7.938892013479168952e+01,-5.483737389654357308e+00,-6.104537189980445255e+00,9.293220873580940733e-01,-2.075196172037708509e-01,4.507553170728533232e+00,-8.138374992588613965e-01
7.958889222581132117e+01,-5.642320041705741751e+00,-5.981851719045736537e+00,8.825829844094168486e-01,-2.143972389868256390e-01,4.471206439485665207e+00,-7.572758429333675823e-01
7.978886431683093861e+01,-5.794509040329558935e+00,-5.851969305043091651e+00,8.339844371225790809e-01,-2.205698228428886465e-01,4.437190506025716630e+00,-7.139053877892056477e-01
7.998883640785057025e+01,-5.939585998095678221e+00,-5.715264336783044463e+00,7.838509959567705465e-01,-2.260402452951331131e-01,4.405002029460381330e+00,-6.821922218027642870e-01
8.018880849887020190e+01,-6.078559513461340380e+00,-5.570337132207158426e+00,7.327800455864230678e-01,-2.309350830825219192e-01,4.373795267324769753e+00,-6.556270367205897509e-01
8.038878058988981934e+01,-6.209311861754748030e+00,-5.418892724442399889e+00,6.815030544804914214e-01,-2.355541868088690260e-01,4.343700116901551667e+00,-6.299938821640516107e-01
8.058875268090945099e+01,-6.331152521959100277e+00,-5.261389598543484425e+00,6.304168103231893028e-01,-2.401056458256957127e-01,4.314722532312418757e+00,-6.027022745265994130e-01
8.078872477192908264e+01,-6.444853151918136902e+00,-5.096157696363429856e+00,5.802715641333446861e-01,-2.447501072234846975e-01,4.286613962735380312e+00,-5.705224675655669042e-01
8.098869686294870007e+01,-6.548828077773925394e+00,-4.925058353760864982e+00,5.311844352644943257e-01,-2.496046697255477342e-01,4.259883301247631593e+00,-5.345064254025164718e-01
8.118866895396833172e+01,-6.643187834083949639e+00,-4.749278401436481722e+00,4.826822684631895122e-01,-2.545814445077715926e-01,4.234776503682087245e+00,-4.947078835575170475e-01
8.138864104498796337e+01,-6.729008625503945851e+00,-4.569345557887285025e+00,4.348059067484970619e-01,-2.596565529353875856e-01,4.211423806676748427e+00,-4.519178972557527096e-01
8.158861313600758081e+01,-6.807385979935949294e+00,-4.385331474887156133e+00,3.873754079405973272e-01,-2.647678157787413666e-01,4.189906186016402856e+00,-4.080852630210652365e-01
8.178858522702721245e+01,-6.878260511454361570e+00,-4.198791854083862241e+00,3.395875591183985520e-01,-2.697673735400752393e-01,4.170425273787214948e+00,-3.630323993248272818e-01
8.198855731804682989e+01,-6.941676656310423077e+00,-4.009604728990422196e+00,2.913158851106545377e-01,-2.746454564026346024e-01,4.153019763237768558e+00,-3.171725999313511069e-01
8.218852940906646154e+01,-6.997163335423926434e+00,-3.817359631700693257e+00,2.420648776168219385e-01,-2.793602257174398473e-01,4.137710179720020420e+00,-2.712552447880132722e-01
8.238850150008609319e+01,-7.043614825698533366e+00,-3.622570693290602328e+00,1.907634823729387197e-01,-2.838433280524415014e-01,4.124561461759421732e+00,-2.272098993906485620e-01
8.258847359110571063e+01,-7.079739480450462530e+00,-3.426573368772940054e+00,1.366650382781795514e-01,-2.879654167476611293e-01,4.113568038916202596e+00,-1.837696840098229645e-01
8.278844568212534227e+01,-7.104790004718268825e+00,-3.228092356730514645e+00,7.955132453497903988e-02,-2.918005399577256465e-01,4.104621018316575665e+00,-1.410169330193127013e-01
8.298841777314497392e+01,-7.117673097331742582e+00,-3.027937059099443662e+00,1.926367987847821261e-02,-2.953296878770476086e-01,4.097724529234882063e+00,-1.026327516522712174e-01
8.318838986416459136e+01,-7.117532485050348967e+00,-2.828126290991912484e+00,-4.381967977029543881e-02,-2.983443691499820805e-01,4.092716952032743549e+00,-6.706064171334989721e-02
8.338836195518422301e+01,-7.103829250280525365e+00,-2.628392871487855942e+00,-1.091591893906627142e-01,-3.009504711647574826e-01,4.089435239013894829e+00,-3.468903338615257625e-02
8.358833404620385465e+01,-7.076270341168369171e+00,-2.430125796440416153e+00,-1.763404907100674102e-01,-3.031379031386425282e-01,4.087736897305155992e+00,-1.209163450198507371e-02
8.378830613722347209e+01,-7.034850363606474311e+00,-2.234533033047802597e+00,-2.449344783910520906e-01,-3.045783946081048188e-01,4.087145455232485070e+00,0.000000000000000000e+00
8.398827822824310374e+01,-6.979586292174483120e+00,-2.041914926230564475e+00,-3.145775281607205986e-01,-3.053022383490373026e-01,4.087145455232485070e+00,0.000000000000000000e+00
8.418825031926272118e+01,-6.911080297994184996e+00,-1.854133680099991910e+00,-3.845049241021996078e-01,-3.052289098955718316e-01,4.087145455232485070e+00,1.224934067623644320e-03
8.438822241028235283e+01,-6.829853993847707194e+00,-1.672106246603850543e+00,-4.537118221718403621e-01,-3.042593571292505628e-01,4.087205194241511741e+00,1.727250012647970831e-02
8.458819450130198447e+01,-6.735593594820325158e+00,-1.495245605854198523e+00,-5.212841202441711452e-01,-3.023879369045506249e-01,4.088052043450447037e+00,4.644154068424810600e-02
8.478816659232160191e+01,-6.629352050963297494e+00,-1.325983357875615054e+00,-5.867677185867018474e-01,-2.996441486757501216e-01,4.090321684830515281e+00,8.673420733632129787e-02
8.498813868334123356e+01,-6.511491896669475032e+00,-1.164954881180424895e+00,-6.499694692344438751e-01,-2.960107596637964744e-01,4.094550956471013414e+00,1.372767400963215423e-01
8.518811077436086521e+01,-6.382678871814237986e+00,-1.012084537730174594e+00,-7.105286783938769002e-01,-2.915040299896314857e-01,4.101247643908958906e+00,1.968345176495453486e-01
8.538808286538048264e+01,-6.245157613974211763e+00,-8.675253802423193994e-01,-7.688279934946667948e-01,-2.862903552794093254e-01,4.110812362804628251e+00,2.620427618046221041e-01
8.558805495640011429e+01,-6.100264106292807575e+00,-7.305605466810769499e-01,-8.250069992181904288e-01,-2.803982597097686158e-01,4.123502384196259030e+00,3.323121463707968126e-01
8.578802704741973173e+01,-5.948301926795849681e+00,-6.003415555691944405e-01,-8.785560098652711591e-01,-2.738571104765358810e-01,4.139598890671681630e+00,4.071081554086227738e-01
8.598799913843936338e+01,-5.790220914321991152e+00,-4.772821072585224367e-01,-9.297226548019342784e-01,-2.667783722806888469e-01,4.159253925435609567e+00,4.848960363248156491e-01
8.618797122945899503e+01,-5.627559167474310620e+00,-3.624449111462653694e-01,-9.786803894123524694e-01,-2.592650334463876272e-01,4.182402717773532785e+00,5.648083485758846889e-01
8.638794332047861246e+01,-5.458677676440787607e+00,-2.547187230787193446e-01,-1.026104114775528764e+00,-2.515519236326806962e-01,4.209367063026925315e+00,6.428090526084166978e-01
8.658791541149824411e+01,-5.284694861155660561e+00,-1.549602752316039112e-01,-1.072717922560098902e+00,-2.438256546969927163e-01,4.239882837921392422e+00,7.168421559543992627e-01
8.678788750251787576e+01,-5.107274804367548882e+00,-6.401470795104764744e-02,-1.118858014914734023e+00,-2.361465421230677375e-01,4.273457872856493367e+00,7.873874258542477023e-01
8.698785959353749320e+01,-4.924867824428750929e+00,1.900623844641038257e-02,-1.164614131607068392e+00,-2.285522544490007635e-01,4.310225659799428399e+00,8.539458775096563370e-01
8.718783168455712485e+01,-4.739166279968907602e+00,9.338233085924299570e-02,-1.209673088123786933e+00,-2.210787988387223901e-01,4.349677643022682005e+00,9.172564227531684322e-01
8.738780377557675649e+01,-4.550423789898550453e+00,1.591881940977862564e-01,-1.254160809070168803e+00,-2.136212045325714959e-01,4.391627007886611977e+00,9.800186121233600556e-01
8.758777586659637393e+01,-4.358512196575458297e+00,2.166215840488706079e-01,-1.297777016958598706e+00,-2.061322542650891043e-01,4.436104725025907136e+00,1.043518187925767338e+00
8.778774795761600558e+01,-4.164742628947704084e+00,2.654835795252033503e-01,-1.340210058842767893e+00,-1.986753711591268123e-01,4.482866118250065313e+00,1.107402131762662778e+00
8.798772004863562302e+01,-3.968825626514869587e+00,3.060994548452156128e-01,-1.381542107036352052e+00,-1.911779806518262570e-01,4.532023040672289227e+00,1.173350941284679649e+00
8.818769213965525466e+01,-3.771472160003236596e+00,3.385727444888152471e-01,-1.421420341433151213e+00,-1.838229729406162527e-01,4.583512873547975985e+00,1.238138480751542980e+00
8.838766423067488631e+01,-3.572950876877544424e+00,3.631577348195763055e-01,-1.459779105548572486e+00,-1.761132407049725013e-01,4.637234009474877183e+00,1.312871569239704606e+00
8.858763632169450375e+01,-3.373704407173457209e+00,3.801389104662816765e-01,-1.496450640523909525e+00,-1.670607179187605373e-01,4.693506783908186542e+00,1.419818454198637392e+00
8.878760841271413540e+01,-3.173922464638076146e+00,3.898626762259687628e-01,-1.531222074894786012e+00,-1.563266142773202527e-01,4.753628684917124758e+00,1.567489736700014014e+00
8.898758050373376705e+01,-2.973887229360778761e+00,3.927099068098356960e-01,-1.564050913822772948e+00,-1.430371074869099257e-01,4.819144690941215892e+00,1.778083965983403125e+00
8.918755259475338448e+01,-2.774158402938717405e+00,3.891101407343752761e-01,-1.594720472071608386e+00,-1.262494807261999308e-01,4.892293955983622489e+00,2.078276734420687166e+00
8.938752468577301613e+01,-2.574151906483084673e+00,3.794942292171880061e-01,-1.623193572624860304e+00,-1.068150865301880081e-01,4.976629191502837557e+00,2.454528044231296668e+00
8.958749677679264778e+01,-2.374808618338114741e+00,3.643737108049416307e-01,-1.649420957457774950e+00,-8.624665356597373267e-02,5.074272025900286032e+00,2.879300758643114744e+00
8.978746886781226522e+01,-2.175922420814077274e+00,3.442307649364629851e-01,-1.673146597961091553e+00,-6.585821827806420670e-02,5.186463331608846872e+00,3.328453318770888902e+00
8.998744095883189686e+01,-1.977286556614934687e+00,3.195334120734487082e-01,-1.694327865759042817e+00,-4.566817290501849758e-02,5.313368414788244287e+00,3.810701444105728086e+00
9.018741304985151430e+01,-1.779594611006339866e+00,2.909096827344052616e-01,-1.713869674939935583e+00,-2.547979498257665551e-02,5.454748857397812678e+00,4.341866915868089372e+00
9.038738514087114595e+01,-1.582101916706864841e+00,2.587471628708882254e-01,-1.730458774775852415e+00,-5.928528699413681234e-03,5.611760161374904854e+00,4.913299650975343269e+00
9.058735723189077760e+01,-1.385183880189666539e+00,2.234692501389323460e-01,-1.740867544349190110e+00,1.211277721364571215e-02,5.784262597454269184e+00,4.694734408962942140e+00
9.078732932291039504e+01,-1.189071739174703879e+00,1.860003099046892150e-01,-1.744077213695818918e+00,2.825086973676944196e-02,5.944105476372831376e+00,4.101829255043921485e+00
9.098730141393002668e+01,-9.927930432723153231e-01,1.467297962023598745e-01,-1.736682721158197884e+00,4.158019268744188313e-02,6.080666525487874452e+00,3.562592941186762729e+00
9.118727350494965833e+01,-7.973092825197544142e-01,1.043299125650318931e-01,-1.714600541142992096e+00,5.090856253492927197e-02,6.196753189513096949e+00,3.145123921128977429e+00
9.138724559596927577e+01,-6.022009159434006387e-01,6.194477600898217612e-02,-1.681361533187848423e+00,5.711049866262783714e-02,6.297273664286199946e+00,2.835245733724248041e+00
9.158721768698890742e+01,-4.050348621757324796e-01,2.610418962048126346e-02,-1.642715490099260878e+00,6.154306727021353202e-02,6.386861959272361666e+00,2.589534849930315463e+00
9.178718977800852485e+01,-2.071053353790243412e-01,-3.836916938320626279e-04,-1.603606171240596900e+00,6.529771138444002976e-02,6.467320541340241924e+00,0.000000000000000000e+00
